открытие 14.09.2018;максимум 14.09.2018;минимум 14.09.2018;закрытие 14.09.2018;открытие 16.10.2018;максимум 16.10.2018;минимум 16.10.2018;закрытие 16.10.2018;открытие 14.11.2018;максимум 14.11.2018;минимум 14.11.2018;закрытие 14.11.2018;открытие 14.12.2018;максимум 14.12.2018;минимум 14.12.2018;закрытие 14.12.2018
107290;107770;107290;107720;114540;115140;114540;114890;109390;109600;108960;109000;112880;112880;112040;112300
107760;107800;107690;107800;114870;115020;114800;114820;109010;109260;108840;108860;112300;112320;112100;112130
107780;107780;107610;107610;114810;114820;114660;114720;108850;108960;108770;108890;112120;112200;112000;112200
107600;107670;107570;107650;114720;114730;114550;114580;108890;109220;108870;109200;112180;112200;112120;112130
107650;107650;107490;107570;114570;114680;114570;114650;109210;109210;109020;109020;112120;112140;111940;112010
107600;107600;107550;107570;114660;114710;114630;114710;109030;109190;108910;109150;112020;112020;111930;112000
107600;107660;107600;107600;114710;114730;114410;114450;109160;109180;109020;109020;112000;112080;111990;112040
107620;107670;107620;107670;114460;114550;114390;114550;109010;109270;109010;109110;112040;112100;112020;112100
107640;107690;107640;107690;114550;114580;114430;114480;109110;109190;109090;109130;112090;112090;112050;112080
107650;107650;107650;107650;114470;114540;114470;114500;109130;109180;109060;109120;112050;112100;112040;112090
107660;107660;107610;107640;114500;114770;114470;114770;109130;109150;109020;109090;112080;112090;112020;112070
107650;107650;107650;107650;114760;114810;114690;114740;109080;109230;109060;109200;112060;112120;112030;112110
107660;107710;107660;107710;114740;114780;114650;114680;109190;109270;109110;109110;112110;112110;112060;112080
107750;107850;107740;107850;114670;114710;114530;114590;109110;109110;108960;109060;112070;112070;112000;112000
107880;107900;107850;107880;114580;114660;114550;114580;109070;109070;108950;108950;112000;112010;111960;111970
107900;107910;107790;107860;114590;114640;114520;114610;108950;109010;108910;108950;111960;112050;111930;112050
107880;107910;107870;107910;114600;114670;114590;114640;108940;109040;108910;109020;112050;112060;111970;112000
107920;107990;107920;107950;114640;114800;114630;114740;109030;109120;108990;109030;112000;112060;111990;112060
107930;107930;107780;107850;114750;114820;114740;114790;109020;109090;108960;109090;112040;112060;111990;112020
107870;107890;107810;107820;114790;114840;114750;114780;109080;109200;109050;109110;112000;112010;111870;111900
107890;107890;107840;107840;114780;114830;114730;114810;109100;109160;109030;109150;111910;111960;111860;111910
107820;107820;107800;107800;114820;114890;114740;114780;109150;109320;109130;109300;111900;111930;111860;111910
107780;107820;107780;107820;114770;114810;114730;114800;109300;109400;109260;109270;111900;111920;111840;111840
107810;107810;107740;107740;114780;114780;114670;114740;109280;109440;109280;109440;111840;111860;111780;111840
107720;107720;107560;107560;114740;114820;114740;114770;109440;109440;109340;109340;111830;111860;111780;111790
107620;107690;107580;107680;114780;114830;114720;114750;109340;109470;109330;109440;111780;111780;111560;111700
107690;107750;107690;107750;114750;114840;114750;114830;109450;109550;109450;109530;111710;111740;111680;111700
107810;107880;107810;107880;114840;114890;114770;114810;109530;109590;109500;109510;111700;111780;111690;111760
107870;107940;107820;107940;114810;114990;114810;114940;109520;109580;109480;109490;111760;111800;111750;111790
107900;107900;107840;107850;114940;114960;114840;114860;109490;109500;109350;109350;111790;111790;111730;111760
107840;107840;107780;107780;114870;114960;114870;114960;109370;109370;109210;109230;111750;111780;111710;111770
107800;107830;107790;107830;114950;114970;114890;114910;109220;109400;109210;109370;111770;111840;111750;111810
107820;107900;107820;107900;114910;114940;114890;114920;109360;109410;109350;109400;111810;111820;111760;111780
107870;107870;107870;107870;114910;114930;114890;114920;109390;109510;109370;109450;111780;111830;111770;111820
107880;107940;107880;107940;114920;114990;114910;114990;109440;109500;109380;109420;111820;111830;111760;111790
107930;108020;107920;108020;114980;114980;114890;114960;109410;109420;109350;109380;111790;111790;111670;111710
108000;108000;107910;107920;114950;114980;114900;114970;109370;109410;109350;109360;111690;111760;111670;111690
107890;107960;107880;107960;114970;114970;114870;114890;109360;109380;109330;109380;111690;111690;111510;111570
108000;108090;108000;108020;114880;114900;114860;114900;109380;109460;109350;109380;111580;111690;111580;111660
108060;108260;108060;108160;114900;114960;114880;114940;109390;109500;109380;109490;111660;111700;111630;111660
108190;108230;108170;108190;114940;115020;114900;114980;109480;109490;109390;109420;111640;111720;111610;111700
108160;108190;108130;108190;114960;114960;114700;114750;109420;109420;109340;109360;111700;111700;111650;111670
108150;108150;108080;108100;114750;114780;114700;114730;109360;109400;109270;109290;111670;111750;111670;111720
108070;108100;108040;108100;114720;114720;114610;114650;109290;109380;109260;109370;111730;111730;111680;111720
108100;108100;108030;108030;114650;114700;114550;114670;109370;109410;109360;109380;111720;111730;111690;111700
108020;108040;107860;108000;114670;114760;114620;114740;109380;109390;109300;109340;111690;111730;111670;111720
107980;108010;107980;108010;114750;114850;114750;114790;109340;109350;109250;109310;111730;111730;111690;111720
108010;108010;108010;108010;114800;114850;114790;114810;109310;109330;109270;109320;111720;111780;111720;111750
107990;107990;107900;107940;114810;114870;114790;114830;109310;109370;109270;109290;111750;111790;111740;111780
107930;107940;107930;107930;114840;114840;114750;114790;109290;109320;109240;109280;111790;111850;111770;111840
107970;107970;107960;107960;114780;114820;114780;114790;109270;109270;109160;109250;111840;111840;111750;111760
107950;107950;107810;107810;114790;114790;114690;114730;109250;109310;109240;109270;111780;111810;111780;111810
107820;107840;107820;107830;114730;114730;114640;114710;109260;109340;109240;109330;111820;111840;111770;111830
107830;107840;107830;107830;114710;114740;114700;114720;109330;109400;109330;109380;111830;111850;111820;111840
107790;107790;107740;107780;114720;114720;114620;114630;109360;109390;109280;109300;111850;111860;111800;111820
107770;107800;107740;107800;114630;114680;114550;114680;109300;109310;109260;109290;111810;111830;111770;111800
107840;107900;107840;107900;114680;114720;114630;114700;109300;109320;109250;109310;111800;111840;111790;111810
107950;107950;107930;107930;114700;114710;114600;114620;109310;109370;109310;109320;111810;111810;111650;111680
107910;107910;107860;107870;114630;114660;114490;114520;109330;109400;109310;109370;111670;111730;111630;111710
107860;107860;107860;107860;114520;114670;114500;114650;109380;109460;109350;109390;111690;111720;111610;111640
107820;107840;107750;107780;114630;114750;114600;114690;109400;109550;109300;109490;111630;111670;111420;111480
107770;107770;107690;107690;114690;114720;114650;114700;109500;109500;109310;109350;111470;111480;111280;111430
107710;107720;107680;107710;114700;114720;114560;114610;109350;109420;109300;109320;111420;111520;111400;111510
107720;107720;107660;107670;114610;114670;114590;114630;109330;109360;109080;109110;111520;111620;111500;111610
107670;107710;107670;107710;114630;114670;114610;114630;109120;109220;109100;109190;111620;111730;111620;111660
107670;107670;107670;107670;114640;114670;114600;114640;109190;109290;109160;109280;111660;111700;111600;111650
107670;107670;107660;107660;114650;114650;114590;114650;109270;109400;109270;109350;111650;111680;111600;111660
107630;107670;107630;107660;114650;114750;114630;114750;109340;109360;109270;109340;111670;111700;111610;111620
107660;107680;107660;107680;114750;114860;114750;114830;109340;109360;109170;109190;111630;111700;111620;111690
107710;107710;107680;107680;114830;115040;114830;114880;109180;109270;109160;109270;111680;111720;111650;111680
107640;107640;107570;107570;114890;114920;114850;114880;109270;109390;109190;109360;111680;111680;111560;111600
107570;107600;107530;107530;114850;114870;114790;114810;109350;109390;109320;109370;111600;111600;111450;111460
107530;107530;107460;107470;114800;114820;114750;114770;109360;109610;109330;109610;111460;111540;111440;111540
107450;107450;107420;107430;114760;114790;114710;114730;109600;109710;109530;109570;111540;111610;111510;111540
107460;107470;107410;107470;114730;114770;114700;114720;109570;109620;109530;109560;111530;111670;111510;111600
107430;107470;107430;107440;114710;114790;114710;114770;109560;109660;109560;109630;111610;111620;111490;111510
107440;107500;107440;107500;114780;114790;114730;114770;109620;109630;109530;109630;111500;111570;111470;111520
107490;107490;107330;107370;114780;114800;114710;114800;109620;109650;109520;109540;111510;111520;111420;111480
107380;107450;107370;107450;114790;114820;114780;114820;109550;109650;109520;109530;111480;111550;111450;111540
107430;107430;107400;107430;114820;114830;114780;114780;109540;109590;109530;109570;111540;111560;111440;111450
107400;107580;107400;107580;114780;114780;114660;114730;109570;109600;109490;109570;111450;111540;111430;111540
107580;107600;107520;107540;114710;114730;114670;114690;109560;109570;109350;109420;111540;111580;111480;111530
107540;107560;107520;107550;114680;114730;114670;114700;109430;109490;109380;109450;111520;111630;111510;111570
107560;107630;107560;107630;114710;114840;114700;114810;109460;109460;109390;109440;111560;111600;111550;111570
107630;107630;107560;107580;114800;114830;114770;114800;109440;109450;109400;109430;111570;111600;111530;111590
107580;107580;107580;107580;114790;114870;114760;114860;109430;109520;109400;109500;111590;111590;111530;111540
107560;107560;107560;107560;114870;114940;114830;114900;109500;109560;109440;109530;111540;111560;111510;111530
107500;107510;107470;107510;114920;114920;114850;114870;109530;109560;109460;109520;111540;111540;111480;111490
107490;107490;107420;107430;114850;114920;114850;114890;109520;109520;109450;109480;111490;111530;111470;111530
107420;107450;107370;107430;114880;114890;114850;114870;109480;109500;109410;109470;111530;111550;111470;111490
107430;107450;107400;107440;114880;114950;114880;114930;109460;109560;109430;109480;111480;111500;111400;111480
107430;107430;107350;107410;114930;114940;114880;114890;109470;109470;109340;109380;111460;111460;111410;111450
107390;107390;107360;107370;114890;114890;114820;114870;109380;109420;109200;109270;111450;111510;111430;111480
107330;107400;107310;107400;114870;114880;114810;114810;109270;109330;109250;109330;111480;111530;111480;111530
107410;107410;107410;107410;114820;114850;114730;114760;109330;109330;109260;109270;111520;111610;111520;111580
107430;107430;107410;107410;114750;114790;114720;114770;109270;109370;109250;109350;111570;111570;111490;111550
107340;107400;107300;107400;114780;114850;114780;114840;109350;109400;109320;109370;111560;111580;111510;111560
107400;107480;107400;107480;114860;114880;114830;114860;109370;109460;109370;109440;111580;111580;111530;111570
107460;107460;107430;107430;114850;114940;114850;114940;109430;109440;109370;109440;111570;111570;111460;111500
107450;107450;107400;107400;114940;114960;114910;114930;109440;109480;109390;109440;111500;111500;111450;111500
107400;107400;107400;107400;114930;114980;114900;114930;109450;109450;109360;109380;111500;111530;111460;111510
107400;107400;107350;107350;114940;114960;114910;114960;109380;109440;109360;109360;111520;111590;111500;111580
107360;107390;107320;107390;114950;114990;114910;114990;109350;109380;109320;109380;111590;111590;111530;111560
107340;107340;107340;107340;114970;115000;114890;114910;109380;109390;109290;109360;111580;111590;111530;111530
107400;107410;107390;107410;114930;114980;114910;114950;109350;109380;109290;109320;111540;111580;111510;111550
107380;107400;107300;107300;114950;114980;114890;114950;109320;109360;109210;109220;111550;111560;111490;111550
107310;107310;107190;107200;114950;114960;114920;114950;109220;109290;109160;109280;111550;111570;111520;111540
107190;107260;107190;107260;114950;114960;114900;114950;109280;109290;109180;109260;111540;111630;111530;111620
107280;107280;107190;107200;114960;115040;114940;115000;109260;109260;109150;109200;111630;111630;111540;111610
107210;107210;107100;107190;115000;115110;114970;115040;109190;109240;109130;109230;111610;111610;111530;111570
107180;107180;107100;107130;115030;115080;114970;115070;109220;109230;109060;109080;111570;111570;111510;111550
107160;107160;107130;107130;115070;115100;115010;115020;109060;109130;109020;109030;111560;111560;111460;111460
107090;107090;107000;107000;115020;115100;115020;115070;109030;109130;109000;109060;111470;111500;111430;111440
106990;107050;106960;107050;115070;115260;115070;115080;109060;109130;109030;109070;111450;111490;111340;111480
107080;107110;107080;107100;115070;115110;115040;115050;109080;109090;109030;109090;111490;111540;111480;111520
107070;107070;106990;107010;115060;115060;114990;115000;109070;109120;109050;109090;111540;111540;111400;111440
107000;107020;106990;107000;115010;115030;114880;114900;109090;109110;109010;109020;111440;111440;111350;111400
106980;106980;106910;106940;114920;114950;114900;114920;109030;109040;108970;109030;111400;111480;111380;111450
106980;107030;106980;107010;114910;114970;114900;114970;109020;109030;108830;108840;111460;111480;111340;111340
106990;106990;106930;106930;114960;115080;114940;115020;108850;108870;108680;108700;111350;111350;111220;111230
106940;106940;106930;106940;115030;115080;115010;115020;108700;108730;108620;108680;111230;111300;111190;111290
106960;107000;106960;107000;115040;115040;114910;114930;108680;108750;108630;108650;111280;111350;111280;111350
107030;107050;107000;107000;114930;114930;114830;114860;108650;108750;108640;108750;111340;111440;111320;111400
106970;107000;106970;107000;114860;114900;114820;114870;108750;108760;108660;108700;111410;111430;111330;111350
106950;106990;106940;106960;114860;114940;114850;114850;108700;108730;108650;108720;111360;111370;111310;111370
107020;107030;106960;106980;114860;114860;114800;114830;108720;108810;108700;108740;111360;111420;111350;111380
107030;107030;107030;107030;114850;114900;114780;114890;108750;108770;108670;108670;111370;111390;111310;111330
107060;107140;107050;107140;114880;114890;114770;114860;108680;108680;108430;108530;111340;111400;111320;111380
107120;107170;107100;107160;114860;114910;114850;114900;108520;108630;108500;108590;111380;111430;111350;111430
107090;107140;107080;107140;114890;114890;114830;114830;108590;108650;108560;108620;111430;111500;111420;111450
107090;107090;107090;107090;114840;114890;114830;114870;108630;108660;108550;108630;111460;111470;111420;111430
107120;107120;107060;107060;114890;114930;114840;114910;108620;108670;108580;108640;111450;111470;111440;111460
107080;107080;107060;107060;114920;114940;114870;114870;108640;108890;108610;108830;111460;111490;111410;111420
107140;107190;107140;107190;114870;114890;114840;114840;108830;108880;108810;108860;111410;111490;111410;111420
107200;107210;107130;107130;114850;114920;114850;114910;108860;109020;108830;109000;111430;111510;111430;111490
107150;107150;107150;107150;114910;114990;114910;114950;109000;109010;108840;108850;111490;111530;111440;111450
107130;107140;107130;107140;114960;115000;114950;114990;108850;108880;108830;108840;111460;111520;111450;111490
107150;107150;107140;107140;114990;115070;114970;115020;108840;108960;108830;108940;111490;111530;111460;111470
107140;107140;107140;107140;115010;115040;114940;115020;108950;109080;108910;109010;111460;111510;111440;111480
107100;107160;107090;107160;115010;115130;114980;115090;109010;109040;108970;109020;111490;111500;111470;111500
107180;107200;107130;107130;115090;115090;115040;115060;109020;109040;108950;108980;111490;111490;111430;111440
107130;107130;107100;107100;115070;115090;115050;115060;108980;109070;108970;109070;111460;111470;111450;111450
107140;107140;107140;107140;115050;115050;114970;114970;109070;109170;109070;109140;111460;111460;111410;111410
107150;107170;107150;107170;115000;115000;114920;114950;109140;109150;109090;109110;111410;111460;111410;111410
107190;107270;107190;107250;114960;114980;114920;114950;109100;109120;109020;109060;111410;111430;111370;111420
107230;107230;107210;107210;114960;114980;114930;114950;109060;109170;109030;109120;111420;111420;111370;111390
107200;107250;107190;107250;114950;115050;114920;115050;109130;109220;109090;109150;111400;111410;111360;111370
107240;107250;107240;107250;115040;115050;115000;115000;109150;109410;109140;109410;111360;111420;111350;111390
107250;107280;107230;107230;115000;115050;114970;114980;109400;109800;109390;109790;111400;111450;111390;111440
107210;107210;107210;107210;114980;115040;114970;115000;109790;109860;109710;109720;111440;111450;111400;111430
107180;107210;107180;107210;114990;115040;114970;114980;109720;109820;109720;109810;111410;111420;111330;111370
107190;107280;107190;107280;114990;115000;114890;114910;109800;109830;109620;109650;111370;111450;111370;111440
107290;107380;107290;107340;114910;114940;114900;114920;109650;109710;109640;109650;111440;111510;111430;111510
107340;107350;107320;107320;114910;114950;114900;114930;109660;109740;109660;109680;111510;111510;111450;111490
107330;107330;107300;107300;114940;114960;114930;114930;109690;109730;109650;109670;111500;111530;111490;111510
107300;107300;107300;107300;114920;114950;114900;114910;109680;109700;109650;109680;111510;111510;111460;111480
107290;107290;107280;107280;114930;114930;114860;114870;109670;109720;109630;109670;111480;111500;111460;111460
107290;107320;107290;107320;114870;114900;114860;114880;109680;109740;109650;109670;111470;111480;111440;111440
107370;107380;107370;107380;114870;114930;114870;114900;109670;109690;109640;109660;111450;111530;111440;111460
107390;107480;107390;107470;114900;114930;114880;114910;109670;109710;109640;109710;111470;111540;111460;111500
107490;107600;107490;107600;114930;114970;114930;114950;109720;109730;109630;109640;111500;111500;111470;111480
107610;107630;107600;107600;114960;114980;114940;114960;109640;109800;109600;109800;111480;111510;111470;111480
107580;107580;107560;107560;114960;114980;114950;114960;109800;109820;109710;109730;111490;111490;111440;111480
107580;107580;107510;107510;114950;114950;114870;114900;109730;109920;109700;109750;111480;111480;111420;111430
107490;107530;107490;107490;114900;114900;114850;114880;109750;109770;109640;109650;111430;111430;111360;111420
107510;107510;107490;107490;114870;114890;114850;114890;109660;109710;109630;109700;111400;111420;111370;111370
107490;107490;107490;107490;114890;114960;114870;114940;109700;109740;109670;109700;111370;111400;111320;111370
107510;107510;107510;107510;114960;115050;114950;115020;109710;109740;109680;109720;111350;111370;111290;111290
107550;107550;107550;107550;115020;115030;114940;114950;109720;109720;109640;109640;111280;111320;111250;111300
107490;107490;107480;107480;114950;115020;114940;114990;109650;109670;109620;109650;111300;111350;111280;111290
107480;107480;107360;107360;114990;115010;114960;115010;109660;109740;109650;109700;111290;111340;111280;111340
107350;107360;107300;107300;115000;115050;115000;115040;109710;109710;109660;109680;111340;111380;111300;111320
107320;107320;107310;107310;115030;115050;115000;115000;109670;109760;109650;109750;111310;111320;111270;111290
107310;107310;107180;107180;115000;115000;114950;114970;109750;109760;109640;109670;111300;111310;111180;111260
107150;107200;107150;107200;114960;114970;114890;114890;109660;109670;109610;109650;111260;111300;111200;111260
107200;107220;107200;107220;114890;114970;114890;114960;109650;109670;109620;109660;111260;111280;111190;111190
107230;107240;107210;107220;114940;115040;114940;114980;109660;109660;109520;109580;111190;111250;111160;111240
107200;107200;107200;107200;114970;115000;114960;114990;109570;109580;109550;109580;111240;111270;111220;111260
107260;107280;107200;107200;115000;115020;114980;114990;109570;109600;109540;109590;111260;111280;111140;111210
107200;107200;107200;107200;115000;115010;114970;115000;109580;109660;109580;109630;111210;111230;111170;111210
107190;107190;107190;107190;115000;115040;114990;115000;109630;109720;109620;109710;111210;111300;111200;111300
107250;107260;107250;107260;115000;115010;114960;114970;109690;109710;109660;109670;111290;111450;111290;111440
107260;107260;107220;107220;114960;114960;114930;114940;109660;109680;109630;109630;111440;111560;111430;111510
107200;107200;107120;107160;114950;115000;114950;114990;109640;109670;109590;109600;111510;111520;111420;111500
107170;107180;107170;107180;115000;115010;114960;114990;109600;109740;109590;109700;111500;111540;111460;111490
107110;107180;107100;107180;114980;115050;114960;114970;109710;109810;109640;109650;111490;111510;111450;111490
107230;107230;107230;107230;114970;114980;114900;114920;109650;109720;109630;109650;111500;111520;111460;111510
107230;107260;107230;107260;114930;114940;114900;114920;109650;109660;109600;109620;111490;111510;111420;111480
107300;107310;107300;107310;114900;114930;114900;114930;109610;109750;109610;109750;111480;111480;111430;111470
107320;107390;107270;107390;114920;114950;114900;114910;109750;109780;109640;109660;111450;111490;111410;111410
107390;107410;107320;107320;114910;114940;114810;114820;109660;109720;109630;109660;111430;111470;111400;111440
107330;107350;107300;107320;114820;114870;114800;114860;109650;109650;109560;109610;111430;111460;111380;111400
107300;107310;107300;107310;114870;114870;114800;114830;109610;109650;109580;109650;111390;111400;111320;111380
107310;107320;107280;107320;114820;114820;114770;114800;109650;109650;109560;109620;111370;111370;111280;111290
107370;107400;107370;107400;114800;114860;114780;114830;109620;109640;109600;109620;111280;111330;111280;111290
107450;107890;107450;107610;114820;114830;114710;114770;109620;109660;109540;109570;111290;111360;111260;111360
107640;107750;107610;107690;114750;114810;114740;114760;109570;109580;109530;109540;111360;111400;111340;111400
107740;108100;107740;108090;114760;114800;114740;114770;109540;109610;109540;109560;111390;111400;111330;111330
108060;108370;108060;108120;114760;114790;114750;114790;109570;109590;109530;109560;111330;111380;111330;111360
108100;108120;107980;108120;114770;114810;114770;114800;109550;109570;109460;109510;111360;111360;111280;111280
108120;108210;108120;108210;114800;114840;114790;114830;109490;109510;109410;109440;111290;111370;111280;111360
108240;108330;108080;108080;114830;114850;114820;114840;109440;109500;109440;109490;111360;111390;111330;111350
108080;108160;108070;108160;114840;114850;114800;114810;109480;109500;109440;109470;111350;111360;111300;111350
108140;108280;108140;108280;114820;114880;114810;114850;109470;109500;109440;109470;111340;111370;111320;111330
108300;108400;108270;108330;114850;114930;114850;114900;109450;109700;109440;109640;111330;111410;111320;111380
108330;108330;108200;108270;114900;114910;114870;114900;109630;109650;109570;109630;111380;111390;111340;111340
108170;108170;108150;108150;114890;114970;114890;114920;109620;109670;109600;109610;111360;111380;111330;111360
108200;108210;108160;108210;114920;114930;114910;114930;109620;109620;109590;109610;111360;111420;111360;111410
108210;108280;108210;108280;114930;114930;114880;114890;109620;109650;109560;109580;111410;111440;111380;111430
108250;108420;108250;108400;114890;114940;114890;114930;109570;109610;109520;109600;111440;111480;111420;111480
108400;108440;108370;108380;114920;114930;114850;114870;109620;109620;109550;109590;111480;111710;111460;111530
108320;108360;108270;108280;114870;114890;114860;114870;109580;109610;109510;109530;111540;111610;111520;111540
108290;108350;108290;108320;114880;114920;114880;114890;109530;109600;109500;109590;111530;111540;111340;111360
108290;108440;108260;108270;114880;114890;114860;114860;109580;109600;109460;109480;111360;111440;111350;111440
108270;108390;108250;108300;114860;114920;114860;114910;109480;109590;109480;109550;111440;111510;111380;111490
108300;108400;108280;108330;114920;114920;114850;114870;109560;109590;109500;109560;111470;111520;111440;111480
108320;108350;108300;108300;114870;114870;114780;114820;109550;109620;109550;109570;111470;111480;111210;111210
108280;108280;108210;108230;114820;114840;114800;114820;109580;109640;109580;109600;111210;111310;111170;111280
108270;108270;108110;108120;114820;114840;114770;114790;109600;109650;109590;109620;111280;111360;111260;111350
108080;108160;108060;108160;114790;114820;114780;114790;109620;109620;109520;109570;111360;111380;111330;111340
108180;108180;108180;108180;114800;114860;114800;114840;109570;109610;109570;109580;111360;111380;111340;111370
108210;108240;108210;108240;114830;114870;114820;114840;109600;109680;109600;109620;111370;111440;111370;111430
108190;108190;108160;108160;114830;114840;114790;114830;109620;109650;109580;109600;111430;111460;111380;111450
108260;108260;108260;108260;114840;114850;114800;114820;109590;109610;109550;109560;111450;111460;111390;111440
108270;108310;108260;108310;114830;114830;114800;114810;109550;109610;109550;109580;111410;111490;111410;111450
108320;108450;108320;108430;114800;114870;114800;114850;109570;109570;109520;109540;111450;111450;111330;111360
108390;108390;108310;108310;114850;114850;114770;114770;109530;109710;109510;109700;111350;111390;111350;111350
108280;108310;108280;108280;114780;114800;114740;114760;109700;109700;109630;109670;111340;111370;111300;111320
108280;108330;108220;108220;114760;114790;114730;114780;109670;109710;109650;109650;111320;111400;111320;111340
108230;108250;108230;108240;114770;114780;114720;114730;109650;109700;109630;109690;111330;111400;111320;111390
108250;108250;108160;108160;114740;114750;114700;114700;109670;109800;109650;109790;111390;111480;111340;111430
108180;108230;108180;108230;114700;114700;114570;114630;109790;110040;109770;109980;111410;111420;111360;111390
108150;108190;108150;108190;114620;114630;114580;114610;109970;110100;109960;110010;111380;111410;111360;111390
108200;108200;108190;108200;114610;114650;114600;114620;110010;110020;109920;109950;111400;111460;111400;111450
108230;108270;108230;108270;114620;114640;114610;114610;109930;110080;109930;110020;111460;111470;111410;111420
108250;108250;108180;108180;114610;114630;114580;114630;110020;110090;109950;109970;111430;111430;111380;111400
108170;108200;108170;108180;114620;114640;114620;114630;109960;109990;109810;109860;111390;111430;111390;111430
108240;108250;108240;108250;114640;114640;114580;114580;109850;109920;109820;109910;111430;111490;111420;111470
108250;108250;108190;108190;114590;114590;114560;114570;109920;109960;109890;109950;111470;111510;111450;111480
108170;108170;108130;108140;114580;114580;114450;114500;109960;110140;109960;110110;111470;111490;111430;111480
108110;108140;108110;108110;114510;114520;114360;114470;110100;110220;110000;110140;111470;111490;111420;111440
108100;108100;108050;108050;114460;114560;114450;114530;110140;110180;110060;110070;111440;111480;111410;111420
108100;108100;108050;108050;114540;114570;114510;114560;110070;110100;110000;110020;111430;111440;111420;111440
108030;108080;108020;108050;114570;114670;114570;114630;110020;110020;109950;109990;111450;111510;111450;111480
108100;108110;108080;108080;114640;114650;114620;114640;109980;110060;109980;110010;111470;111510;111440;111500
108140;108140;108100;108120;114640;114690;114630;114660;110020;110110;110020;110040;111500;111680;111490;111650
108140;108140;108140;108140;114660;114680;114590;114590;110040;110090;109990;109990;111650;111690;111540;111610
108100;108100;108070;108070;114590;114630;114580;114590;109990;110040;109980;110020;111610;111640;111550;111580
108080;108080;108080;108080;114600;114600;114500;114510;110020;110020;109930;109960;111590;111590;111550;111580
108140;108140;108140;108140;114520;114590;114520;114590;109960;110000;109960;109980;111570;111580;111540;111540
108140;108200;108140;108180;114580;114630;114570;114620;109980;110070;109980;110030;111550;111620;111540;111600
108210;108210;108200;108200;114620;114630;114600;114610;110030;110040;109880;109900;111610;111650;111610;111640
108170;108170;108140;108140;114630;114700;114630;114660;109900;109900;109840;109870;111640;111640;111590;111630
108130;108130;108130;108130;114660;114710;114650;114670;109860;109900;109860;109880;111620;111640;111560;111580
108140;108140;108100;108100;114670;114720;114650;114650;109880;109880;109820;109820;111580;111590;111530;111540
108120;108120;108080;108110;114650;114700;114650;114700;109830;109900;109820;109860;111530;111540;111410;111420
108080;108120;108050;108120;114700;114710;114600;114620;109850;109850;109770;109820;111440;111440;111350;111350
108110;108150;108110;108150;114620;114650;114560;114560;109820;109850;109790;109800;111350;111400;111330;111400
108180;108210;108170;108210;114570;114570;114440;114460;109810;109840;109780;109800;111400;111470;111380;111420
108200;108200;108200;108200;114460;114570;114440;114560;109800;109810;109620;109630;111420;111420;111360;111390
108180;108180;108150;108150;114550;114550;114500;114510;109630;109740;109620;109690;111390;111410;111340;111400
108150;108150;108110;108110;114500;114510;114430;114490;109680;109730;109650;109660;111380;111440;111350;111410
108190;108220;108190;108220;114480;114530;114470;114480;109660;109700;109640;109660;111410;111440;111390;111390
108230;108250;108190;108210;114490;114550;114480;114510;109670;109700;109650;109700;111410;111440;111380;111410
108180;108190;108170;108190;114510;114520;114370;114390;109700;109740;109670;109720;111400;111410;111370;111390
108150;108180;108150;108180;114400;114420;114300;114390;109720;109750;109670;109740;111370;111440;111350;111430
108180;108180;108180;108180;114380;114430;114370;114430;109730;109810;109710;109810;111430;111470;111380;111390
108190;108220;108170;108170;114420;114460;114410;114450;109800;109820;109770;109810;111390;111400;111360;111370
108140;108160;108140;108140;114450;114450;114390;114410;109810;109870;109810;109850;111370;111380;111310;111380
108140;108150;108140;108150;114410;114420;114250;114300;109850;109950;109830;109930;111370;111390;111330;111330
108150;108150;108130;108130;114290;114370;114260;114360;109930;109940;109840;109860;111330;111350;111300;111310
108110;108130;108110;108130;114360;114380;114340;114370;109870;109890;109830;109870;111310;111360;111300;111330
108190;108200;108150;108150;114370;114380;114330;114360;109870;109880;109830;109830;111330;111350;111310;111350
108160;108160;108140;108140;114370;114400;114370;114400;109830;109900;109820;109880;111330;111350;111310;111350
108140;108160;108120;108160;114390;114400;114350;114380;109890;109920;109880;109920;111350;111360;111320;111360
108250;108260;108240;108240;114370;114400;114320;114400;109920;109940;109870;109900;111360;111360;111280;111300
108230;108240;108220;108230;114400;114420;114360;114410;109900;109950;109900;109920;111280;111340;111270;111280
108260;108270;108170;108180;114390;114450;114390;114440;109920;109950;109910;109940;111270;111290;111200;111230
108160;108160;108140;108140;114440;114450;114410;114430;109940;110000;109920;109980;111230;111240;111110;111130
108120;108120;108120;108120;114440;114510;114430;114510;109970;110020;109960;110000;111150;111200;111040;111160
108130;108130;108060;108120;114510;114550;114460;114480;110010;110040;109990;110010;111160;111190;111110;111190
108130;108130;108130;108130;114470;114500;114450;114450;110000;110100;109990;109990;111190;111300;111170;111270
108150;108150;108100;108100;114450;114470;114400;114400;109990;110010;109900;110010;111290;111300;111230;111230
108100;108100;108100;108100;114400;114410;114370;114390;110010;110030;109940;109950;111240;111350;111240;111320
108080;108120;108080;108120;114380;114420;114370;114390;109970;110000;109950;109980;111320;111320;111250;111260
108110;108110;108090;108090;114390;114420;114360;114400;109970;109980;109840;109870;111270;111290;111250;111260
108080;108090;108080;108090;114400;114430;114350;114360;109870;109880;109850;109870;111260;111280;111230;111280
108100;108130;108100;108100;114370;114440;114370;114420;109870;109900;109820;109870;111280;111320;111250;111320
108120;108130;108120;108130;114430;114490;114430;114470;109860;109860;109800;109820;111320;111330;111240;111270
108110;108110;108110;108110;114480;114480;114430;114450;109820;109850;109800;109830;111260;111260;111240;111240
108140;108150;108140;108150;114460;114470;114390;114440;109840;109870;109800;109870;111240;111240;111160;111230
108140;108140;108090;108090;114440;114490;114440;114490;109870;109870;109780;109820;111220;111310;111220;111290
108140;108140;108140;108140;114480;114590;114480;114560;109820;109830;109720;109760;111300;111350;111250;111250
108120;108120;108100;108100;114560;114600;114540;114600;109760;109810;109720;109800;111260;111290;111220;111290
108050;108050;108030;108030;114600;114650;114570;114620;109800;109800;109740;109770;111280;111290;111230;111240
108060;108080;108010;108020;114610;114680;114610;114640;109770;109900;109760;109900;111260;111260;111020;111060
108030;108080;108030;108040;114650;114650;114580;114600;109890;109890;109840;109880;111060;111110;111000;111080
108060;108060;108060;108060;114590;114610;114550;114570;109880;109890;109810;109880;111070;111130;111060;111080
108000;108000;107970;107970;114580;114600;114540;114590;109880;109890;109830;109840;111070;111150;111030;111130
107980;108190;107980;108170;114590;114620;114580;114600;109850;109920;109830;109870;111130;111130;111090;111090
108090;108090;108090;108090;114600;114660;114560;114660;109870;109870;109720;109740;111090;111140;111080;111120
108140;108140;108110;108110;114660;114700;114620;114660;109730;109790;109730;109760;111120;111190;111110;111110
108150;108150;108130;108130;114670;114670;114630;114640;109780;109820;109770;109800;111120;111170;111110;111170
108120;108220;108120;108220;114640;114690;114620;114680;109780;109860;109760;109810;111170;111170;111130;111160
108220;108360;108220;108300;114660;114670;114630;114630;109820;109850;109810;109810;111160;111160;111140;111150
108220;108250;108200;108230;114640;114800;114640;114780;109820;109850;109780;109850;111150;111200;111120;111200
108290;108290;108290;108290;114780;114840;114760;114760;109850;109850;109770;109800;111200;111240;111180;111220
108270;108280;108270;108270;114760;114820;114760;114770;109790;109810;109760;109800;111220;111250;111190;111210
108250;108260;108210;108210;114780;114890;114760;114820;109780;109790;109760;109780;111200;111220;111160;111180
108220;108280;108220;108280;114810;114840;114810;114840;109790;109810;109780;109800;111180;111220;111180;111210
108310;108310;108310;108310;114830;114850;114810;114830;109800;109880;109800;109840;111200;111230;111190;111220
108260;108260;108210;108210;114840;114840;114800;114800;109850;109880;109800;109800;111230;111240;111180;111200
108220;108270;108220;108270;114800;114830;114800;114810;109800;109830;109760;109810;111200;111230;111190;111220
108230;108240;108230;108230;114810;114840;114800;114800;109800;109800;109730;109750;111230;111250;111200;111230
108230;108230;108230;108230;114810;114810;114760;114760;109760;109820;109760;109820;111230;111270;111230;111250
108220;108250;108220;108250;114760;114810;114760;114800;109810;109940;109800;109890;111250;111260;111180;111200
108240;108240;108240;108240;114800;114820;114780;114820;109890;110050;109890;110020;111200;111200;111130;111190
108220;108220;108220;108220;114820;114840;114800;114830;110020;110080;110010;110020;111190;111190;111120;111160
108170;108170;108170;108170;114830;114850;114790;114790;110020;110060;110000;110050;111150;111220;111150;111220
108180;108180;108180;108180;114790;114810;114770;114780;110050;110140;110040;110070;111210;111210;111170;111190
108140;108140;108140;108140;114770;114840;114760;114840;110070;110080;109960;109990;111180;111210;111150;111170
108150;108150;108150;108150;114830;114840;114780;114780;109990;110060;109990;110020;111180;111230;111180;111210
108180;108180;108180;108180;114790;114830;114730;114810;110030;110040;109990;110000;111210;111250;111200;111250
108180;108180;108180;108180;114810;114820;114760;114780;109990;110060;109990;109990;111250;111280;111230;111250
108190;108240;108190;108230;114780;114790;114710;114780;110000;110040;109980;110030;111240;111250;111200;111210
108200;108200;108180;108200;114770;114940;114760;114930;110040;110050;109990;109990;111220;111250;111190;111220
108220;108240;108220;108240;114910;114930;114860;114870;109990;110080;109980;110060;111220;111260;111210;111210
108210;108300;108210;108270;114870;114880;114840;114860;110060;110190;110060;110130;111230;111280;111230;111280
108250;108250;108210;108210;114870;114900;114840;114880;110120;110150;110120;110130;111270;111310;111260;111300
108240;108240;108180;108210;114890;114890;114820;114860;110150;110170;110130;110160;111300;111330;111270;111330
108180;108180;108100;108150;114870;114910;114860;114880;110160;110270;110160;110250;111330;111360;111300;111350
108150;108180;108150;108180;114880;114900;114810;114820;110260;110380;110240;110370;111350;111400;111340;111340
108210;108250;108210;108240;114820;114910;114820;114900;110380;110400;110320;110330;111340;111350;111310;111330
108250;108290;108230;108230;114900;114910;114870;114870;110340;110370;110300;110370;111330;111330;111240;111300
108250;108250;108240;108240;114870;114890;114830;114860;110350;110380;110320;110330;111300;111380;111290;111340
108240;108240;108240;108240;114860;114860;114790;114810;110330;110350;110280;110320;111350;111380;111320;111340
108260;108260;108210;108210;114810;114840;114790;114790;110320;110330;110260;110260;111350;111370;111320;111320
108230;108360;108230;108340;114790;114800;114720;114720;110270;110300;110260;110270;111330;111350;111300;111320
108370;108370;108280;108340;114730;114770;114710;114760;110260;110290;110260;110270;111320;111360;111300;111350
108340;108340;108320;108320;114760;114780;114740;114740;110280;110290;110260;110280;111360;111360;111300;111310
108260;108290;108260;108290;114740;114760;114640;114650;110280;110310;110240;110240;111310;111320;111240;111250
108310;108360;108310;108350;114640;114710;114610;114700;110260;110280;110250;110280;111240;111270;111210;111210
108320;108320;108260;108280;114700;114740;114680;114740;110260;110320;110250;110290;111230;111250;111200;111230
108240;108260;108230;108230;114720;114820;114720;114800;110300;110320;110270;110280;111220;111220;111100;111150
108260;108260;108260;108260;114800;114830;114790;114820;110280;110320;110260;110290;111160;111220;111140;111200
108260;108290;108260;108290;114820;114820;114730;114780;110290;110310;110250;110260;111190;111200;111170;111200
108340;108340;108190;108190;114780;114860;114780;114810;110270;110280;110210;110260;111200;111220;111190;111190
108250;108270;108040;108040;114810;114850;114790;114830;110260;110310;110240;110240;111200;111230;111170;111200
108060;108120;108040;108090;114830;115090;114810;115030;110230;110300;110200;110210;111190;111240;111190;111240
108130;108180;108130;108170;115030;115050;114950;115000;110220;110240;110130;110150;111240;111250;111230;111240
108140;108140;108050;108050;115000;115000;114920;114950;110150;110200;110130;110170;111230;111230;111160;111170
108070;108070;108060;108060;114950;114970;114930;114940;110180;110180;110110;110120;111180;111210;111140;111190
108060;108060;108050;108050;114920;114980;114920;114980;110120;110170;110120;110160;111190;111230;111190;111200
108100;108100;108080;108080;114970;115000;114930;114950;110150;110230;110140;110200;111190;111200;111150;111200
108140;108150;108140;108150;114940;114940;114870;114890;110220;110260;110220;110240;111190;111250;111170;111230
108180;108180;108120;108120;114890;115070;114870;114960;110250;110290;110220;110230;111230;111230;111090;111090
108130;108250;108130;108220;114960;115010;114920;114970;110240;110240;110170;110230;111090;111130;111060;111090
108220;108220;108170;108170;114960;114990;114920;114950;110230;110300;110230;110280;111080;111150;111070;111080
108180;108180;108180;108180;114940;114950;114890;114910;110290;110300;110250;110270;111080;111100;111020;111030
108240;108260;108200;108260;114900;114960;114890;114930;110280;110300;110270;110290;111030;111100;111010;111080
108270;108290;108270;108290;114930;114990;114910;114960;110280;110380;110280;110330;111070;111100;111030;111090
108350;108410;108350;108390;114970;114990;114930;114970;110340;110400;110320;110360;111090;111110;111030;111110
108400;108490;108400;108470;114970;114990;114920;114940;110360;110480;110350;110470;111100;111170;111100;111120
108490;108500;108420;108450;114940;115000;114940;114970;110470;110520;110450;110500;111120;111160;111100;111150
108470;108500;108470;108500;114970;115040;114960;115010;110510;110540;110440;110460;111160;111200;111150;111180
108500;108590;108500;108570;115010;115080;114980;114990;110450;110520;110450;110510;111190;111240;111160;111230
108570;108590;108530;108530;114990;115000;114960;114990;110500;110560;110490;110550;111220;111280;111200;111230
108520;108530;108510;108530;114980;115020;114960;114980;110560;110560;110460;110460;111240;111240;111200;111230
108540;108580;108530;108580;114960;115050;114960;115010;110470;110490;110420;110460;111230;111260;111200;111240
108550;108550;108520;108520;115020;115150;115020;115150;110470;110470;110430;110440;111230;111310;111210;111270
108520;108530;108510;108520;115140;115150;115040;115060;110440;110500;110440;110460;111280;111310;111240;111300
108520;108520;108460;108510;115050;115060;115000;115000;110460;110500;110460;110470;111300;111330;111270;111290
108500;108510;108500;108500;115010;115060;114980;115020;110460;110550;110460;110510;111280;111300;111260;111270
108490;108490;108460;108460;115020;115050;114980;115050;110510;110610;110500;110580;111270;111310;111260;111280
108430;108440;108400;108400;115050;115060;115000;115020;110560;110650;110550;110600;111280;111300;111270;111290
108380;108390;108320;108340;115020;115050;115000;115050;110580;110770;110570;110640;111290;111330;111290;111300
108360;108360;108360;108360;115050;115080;115050;115060;110640;110670;110520;110530;111290;111290;111250;111270
108330;108330;108270;108290;115060;115180;115060;115130;110520;110580;110480;110480;111270;111270;111230;111250
108310;108350;108310;108350;115130;115150;115090;115090;110480;110490;110420;110440;111240;111270;111220;111230
108320;108320;108290;108290;115090;115220;115080;115140;110430;110510;110430;110450;111230;111250;111220;111250
108300;108330;108300;108330;115160;115370;115150;115230;110450;110500;110440;110480;111250;111280;111230;111260
108330;108330;108300;108330;115220;115240;115190;115200;110490;110510;110470;110500;111260;111270;111230;111250
108300;108310;108250;108250;115200;115220;115160;115170;110490;110510;110460;110480;111240;111250;111170;111180
108250;108270;108240;108240;115170;115180;115140;115170;110490;110500;110470;110500;111180;111220;111180;111210
108250;108250;108210;108210;115180;115180;115130;115150;110500;110660;110500;110640;111200;111220;111180;111200
108250;108260;108200;108200;115150;115150;115070;115150;110640;110980;110640;110910;111200;111210;111150;111180
108200;108200;108200;108200;115140;115270;115110;115260;110920;111030;110880;110900;111180;111250;111100;111170
108210;108210;108210;108210;115250;115260;115080;115100;110910;110930;110780;110810;111180;111200;111120;111130
108200;108200;108160;108180;115100;115180;115080;115110;110820;110860;110800;110820;111140;111190;111120;111160
108200;108200;108170;108170;115110;115130;115020;115040;110820;110950;110800;110910;111160;111270;111150;111210
108190;108200;108150;108150;115060;115220;115060;115080;110900;110970;110860;110870;111200;111260;111190;111250
108180;108210;108160;108200;115080;115140;115070;115110;110880;110910;110840;110860;111250;111300;111240;111260
108200;108200;108140;108140;115100;115200;115090;115100;110860;110980;110860;110890;111260;111280;111230;111260
108120;108120;108080;108100;115090;115180;115070;115090;110900;110900;110850;110870;111250;111310;111250;111270
108150;108160;108120;108120;115090;115110;115060;115100;110870;110920;110830;110850;111270;111280;111230;111260
108160;108210;108160;108210;115110;115190;115030;115040;110850;110870;110770;110790;111250;111270;111230;111250
108180;108180;108120;108120;115040;115120;115030;115110;110790;110850;110780;110800;111260;111320;111260;111290
108140;108180;108070;108070;115090;115100;115050;115080;110800;110820;110780;110780;111290;111310;111230;111260
108060;108090;108050;108060;115090;115110;115050;115070;110790;110890;110770;110840;111260;111320;111240;111300
108100;108110;108100;108100;115050;115100;115040;115070;110840;110900;110820;110860;111300;111330;111270;111310
108080;108080;108060;108080;115080;115150;114960;114960;110860;110950;110850;110860;111320;111380;111300;111380
108100;108120;108100;108120;114960;114970;114850;114920;110870;111000;110860;110920;111380;111380;111300;111300
108120;108120;108110;108110;114930;114970;114920;114950;110910;111090;110910;111020;111290;111300;111250;111280
108130;108150;108120;108120;114960;115020;114940;114980;111020;111040;110970;110990;111270;111340;111260;111300
108100;108100;108100;108100;114980;114990;114940;114950;111000;111070;111000;111070;111290;111330;111270;111330
108150;108180;108130;108130;114970;115020;114910;114960;111060;111110;111050;111080;111330;111370;111320;111360
108130;108140;108090;108100;114970;114990;114880;114880;111080;111090;110990;110990;111360;111450;111360;111380
108130;108140;108130;108140;114880;114930;114860;114880;110990;111050;110960;111040;111380;111430;111380;111430
108110;108120;108110;108120;114890;114970;114860;114970;111020;111030;110930;110960;111420;111450;111410;111420
108130;108130;108100;108100;114960;115020;114890;114910;110960;111010;110910;110940;111430;111450;111400;111410
108170;108190;108150;108150;114900;115060;114890;115030;110950;111020;110950;111010;111400;111420;111380;111400
108170;108210;108130;108160;115030;115160;115020;115130;111010;111040;110980;110990;111400;111530;111400;111480
108130;108130;108080;108080;115140;115300;115120;115210;110990;111000;110910;110940;111470;111520;111460;111510
108070;108070;108070;108070;115220;115230;115170;115210;110930;110940;110840;110850;111520;111590;111520;111540
108140;108150;108140;108150;115220;115230;115170;115210;110840;110870;110660;110680;111550;111570;111510;111560
108110;108110;108110;108110;115200;115350;115190;115290;110660;110890;110660;110780;111550;111580;111480;111480
108100;108100;108100;108100;115290;115430;115250;115380;110790;110810;110710;110710;111480;111510;111430;111450
108050;108080;108050;108060;115370;115440;115340;115340;110700;110760;110700;110750;111470;111470;111410;111410
108100;108130;108100;108120;115340;115560;115340;115470;110760;110810;110720;110730;111410;111440;111400;111410
108150;108150;108140;108140;115470;115570;115470;115500;110720;110800;110690;110800;111410;111440;111360;111400
108160;108160;108160;108160;115520;115750;115490;115690;110790;110810;110760;110780;111400;111430;111370;111390
108130;108130;108130;108130;115690;115740;115570;115590;110790;110820;110760;110800;111390;111400;111330;111350
108100;108130;108100;108130;115590;115650;115570;115640;110800;110800;110750;110760;111350;111410;111350;111380
108130;108130;108130;108130;115640;115700;115620;115660;110750;110800;110720;110790;111370;111400;111360;111400
108190;108190;108190;108190;115660;115700;115580;115610;110790;110800;110770;110790;111400;111420;111370;111390
108170;108170;108160;108160;115620;115660;115610;115630;110790;110860;110730;110860;111390;111430;111390;111420
108190;108230;108190;108230;115620;115650;115560;115560;110850;110860;110820;110850;111420;111420;111390;111410
108210;108220;108170;108170;115570;115670;115560;115670;110840;110900;110820;110890;111400;111420;111360;111380
108130;108130;108120;108120;115680;115720;115580;115590;110890;111000;110880;110970;111380;111420;111380;111420
108150;108150;108150;108150;115590;115640;115550;115610;110980;111100;110970;111090;111410;111420;111360;111390
108140;108140;108110;108110;115620;115710;115600;115610;111090;111200;111060;111170;111390;111410;111360;111400
108140;108140;108140;108140;115620;115680;115580;115580;111170;111180;111090;111100;111410;111430;111370;111420
108100;108100;108100;108100;115580;115640;115580;115640;111110;111210;111110;111180;111410;111450;111370;111400
108130;108200;108130;108200;115640;115660;115540;115590;111180;111200;111160;111160;111400;111440;111390;111420
108240;108250;108200;108200;115590;115650;115570;115620;111160;111190;111090;111170;111420;111520;111410;111480
108260;108350;108260;108300;115620;115690;115620;115670;111180;111210;111150;111160;111470;111520;111470;111520
108280;108310;108280;108300;115670;115690;115640;115660;111170;111290;111160;111270;111530;111570;111500;111520
108280;108320;108280;108310;115670;115780;115600;115710;111260;111310;111250;111300;111530;111550;111480;111520
108310;108330;108310;108330;115720;115750;115650;115740;111280;111320;111240;111250;111520;111530;111460;111490
108340;108380;108320;108340;115740;115780;115730;115770;111260;111350;111240;111330;111490;111530;111480;111530
108350;108350;108310;108310;115770;115810;115700;115810;111340;111390;111330;111370;111520;111540;111500;111520
108310;108310;108310;108310;115810;115830;115700;115740;111370;111390;111210;111250;111520;111520;111410;111420
108290;108320;108290;108300;115730;115730;115650;115690;111250;111290;111160;111200;111420;111460;111400;111440
108320;108320;108320;108320;115670;115760;115660;115710;111200;111240;111190;111230;111450;111450;111400;111430
108310;108310;108310;108310;115710;115750;115660;115670;111220;111240;111190;111230;111430;111430;111350;111360
108300;108300;108300;108300;115680;115690;115640;115680;111230;111290;111170;111200;111370;111440;111310;111380
108300;108320;108270;108270;115680;115720;115660;115700;111210;111320;111190;111290;111380;111400;111310;111350
108310;108340;108310;108340;115690;115750;115680;115750;111300;111360;111260;111270;111350;111370;111280;111290
108360;108370;108360;108370;115740;115770;115640;115680;111270;111330;111230;111230;111290;111350;111170;111240
108380;108390;108360;108390;115680;115690;115630;115660;111230;111300;111200;111260;111240;111240;110900;110910
108400;108400;108400;108400;115670;115750;115670;115690;111260;111320;111240;111300;110920;110920;110760;110830
108330;108330;108290;108290;115700;115730;115680;115710;111310;111380;111250;111260;110830;110870;110780;110840
108290;108320;108290;108320;115720;115720;115680;115690;111260;111280;111190;111210;110840;110840;110740;110750
108350;108370;108350;108370;115690;115750;115690;115720;111190;111210;111070;111090;110740;110980;110730;110940
108370;108370;108370;108370;115730;115790;115720;115770;111100;111160;111060;111070;110960;111000;110780;110890
108350;108350;108350;108350;115780;115830;115760;115820;111070;111120;111020;111090;110890;110950;110790;110940
108370;108370;108370;108370;115810;115830;115780;115820;111100;111180;111100;111130;110940;111010;110930;111000
108360;108460;108360;108440;115820;115910;115810;115890;111130;111250;111120;111250;111000;111050;110970;111000
108460;108470;108460;108470;115900;115960;115890;115930;111240;111320;111240;111280;111000;111010;110930;111000
108480;108520;108450;108520;115930;115990;115930;115930;111290;111460;111280;111450;111000;111010;110930;110990
108490;108500;108450;108480;115940;115980;115940;115950;111460;111480;111380;111380;111000;111030;110910;110910
108460;108470;108450;108460;115950;116030;115930;115930;111380;111380;111300;111300;110930;110950;110890;110950
108490;108630;108490;108580;115930;115970;115930;115950;111300;111390;111300;111340;110940;111020;110900;111010
108580;108610;108580;108610;115960;115980;115920;115940;111330;111390;111310;111350;111010;111010;110940;110970
108590;108610;108580;108580;115930;115980;115880;115900;111350;111370;111320;111350;110970;111000;110960;110980
108500;108500;108500;108500;115900;116020;115900;116000;111360;111410;111330;111380;110990;110990;110870;110880
108510;108520;108490;108520;116000;116120;116000;116050;111380;111400;111300;111310;110870;110930;110840;110900
108530;108530;108520;108520;116050;116150;116050;116140;111310;111320;111220;111260;110910;111000;110910;110990
108490;108530;108480;108530;116140;116150;116070;116120;111250;111290;111200;111240;110990;111040;110960;110970
108600;108600;108540;108580;116120;116230;116100;116180;111250;111320;111230;111240;110960;111100;110910;111100
108570;108620;108320;108320;116190;116240;116180;116220;111250;111280;111170;111220;111100;111120;111010;111060
108250;108260;107800;107880;116210;116280;116210;116250;111220;111280;111190;111230;111050;111100;110990;111010
107960;108020;107930;108000;116250;116260;116220;116240;111220;111310;111210;111240;111020;111020;110940;110990
107970;107990;107910;107950;116240;116300;116220;116300;111230;111250;111180;111210;110980;111080;110960;111080
107920;108000;107910;107920;116300;116400;116280;116370;111230;111340;111200;111320;111080;111080;110970;110970
107920;107950;107920;107920;116370;116440;116330;116390;111320;111360;111300;111310;110980;111050;110960;110990
107920;107920;107850;107850;116370;116370;116270;116320;111310;111340;111270;111290;111010;111210;110990;111140
107850;107920;107810;107880;116330;116440;116320;116410;111280;111340;111100;111130;111150;111170;111110;111130
107850;107930;107850;107930;116410;116450;116370;116390;111130;111220;111120;111130;111140;111190;111110;111160
107950;108050;107950;108050;116390;116400;116340;116360;111130;111220;111130;111210;111150;111160;111090;111150
108060;108160;108060;108110;116360;116400;116360;116370;111210;111310;111200;111300;111160;111170;111060;111070
108120;108160;108090;108150;116370;116430;116340;116340;111320;111350;111260;111290;111060;111060;111020;111040
108120;108170;108100;108170;116340;116380;116320;116340;111300;111430;111280;111370;111030;111040;110960;110980
108120;108120;108120;108120;116330;116360;116310;116320;111370;111420;111250;111260;110990;111060;110980;111060
108100;108100;108080;108080;116310;116320;116270;116300;111250;111310;111130;111140;111060;111070;111030;111050
108160;108160;108160;108160;116290;116320;116260;116270;111150;111230;111110;111120;111060;111080;110940;110960
108160;108160;108160;108160;116270;116290;116230;116240;111130;111190;110980;111000;110950;111000;110900;110970
108070;108070;108070;108070;116240;116290;116230;116270;111000;111010;110890;110960;110960;110960;110830;110900
108070;108070;108070;108070;116270;116390;116260;116330;110970;111020;110930;110940;110900;110940;110820;110880
108070;108070;108050;108060;116340;116400;116330;116390;110940;110980;110880;110880;110880;110930;110840;110920
108020;108020;107890;107890;116400;116470;116380;116420;110890;110960;110880;110920;110910;110950;110900;110950
107860;107890;107850;107850;116410;116440;116330;116330;110910;111010;110900;110950;110950;111110;110940;111060
107830;107830;107780;107780;116340;116380;116320;116360;110940;110990;110940;110970;111060;111100;111020;111020
107770;107770;107720;107720;116370;116430;116360;116410;110970;111010;110940;110960;111030;111030;110990;111030
107710;107790;107710;107790;116390;116480;116390;116460;110960;111060;110960;111020;111020;111090;111010;111090
107790;107790;107730;107730;116480;116680;116450;116640;111020;111030;110940;110960;111080;111110;111060;111100
107730;107730;107730;107730;116630;116660;116590;116650;110960;111020;110890;111010;111100;111120;111070;111090
107870;107870;107850;107850;116660;116660;116530;116550;111010;111050;110990;111040;111080;111140;111050;111110
107800;107800;107800;107800;116540;116610;116540;116570;111040;111050;110980;111040;111120;111140;111090;111100
107880;107910;107880;107910;116570;116650;116560;116610;111050;111070;111010;111030;111100;111150;111080;111120
107920;107960;107910;107910;116620;116630;116570;116580;111050;111050;110950;110980;111120;111150;111100;111120
107900;107900;107860;107870;116560;116580;116520;116540;110990;111070;110990;111030;111120;111120;111050;111060
107920;107920;107900;107910;116540;116590;116520;116580;111040;111110;111040;111100;111050;111050;110990;111000
107890;107890;107890;107890;116560;116580;116510;116540;111100;111160;111090;111120;110990;111050;110970;110990
107900;107900;107900;107900;116540;116570;116500;116560;111120;111140;111070;111140;110980;111020;110980;111010
107920;107920;107860;107860;116570;116580;116520;116550;111140;111150;111040;111080;110990;111000;110920;110980
107890;107890;107890;107890;116560;116620;116560;116580;111080;111110;111050;111110;110980;111000;110940;110980
107920;107920;107920;107920;116570;116650;116560;116620;111110;111150;111100;111130;110990;111010;110950;110970
107970;107980;107970;107980;116610;116630;116580;116620;111140;111310;111130;111280;110990;111010;110910;110960
107960;107960;107960;107960;116620;116650;116600;116610;111270;111340;111270;111330;110960;111000;110940;110950
107960;107960;107960;107960;116610;116650;116610;116610;111330;111380;111290;111290;110950;111030;110930;111010
107990;108040;107990;108040;116620;116650;116610;116630;111290;111440;111270;111420;111020;111050;111000;111040
107980;107980;107970;107970;116630;116640;116570;116580;111420;111500;111420;111470;111040;111080;111030;111060
107960;107960;107960;107960;116590;116590;116540;116560;111480;111570;111470;111510;111050;111180;111050;111180
107910;107910;107910;107910;116570;116600;116550;116580;111520;111570;111500;111510;111160;111170;111110;111120
107970;107970;107970;107970;116580;116610;116580;116590;111520;111520;111430;111480;111130;111190;111120;111170
107950;107950;107950;107950;116600;116610;116580;116600;111490;111520;111440;111470;111180;111200;111150;111170
107910;108000;107880;107880;116590;116670;116590;116640;111460;111520;111440;111520;111160;111170;111120;111130
107920;107920;107920;107920;116660;116670;116620;116650;111520;111560;111500;111550;111120;111140;111110;111110
107960;107960;107960;107960;116660;116740;116630;116690;111560;111800;111530;111780;111110;111150;111100;111150
107950;107950;107950;107950;116770;116830;116660;116770;111500;111500;111190;111350;111200;111500;111060;111080
108000;108000;108000;108000;116760;116760;116690;116720;111350;111370;111300;111340;111070;111090;110940;110980
107980;107980;107960;107960;116720;116720;116670;116690;111340;111350;111240;111250;110970;111070;110960;111010
107910;107910;107900;107900;116690;116800;116690;116740;111240;111310;111220;111290;111000;111020;110840;110840
107910;107910;107910;107910;116740;116830;116740;116770;111290;111310;111250;111280;110840;110890;110840;110880
107850;107870;107850;107870;116770;116780;116740;116750;111270;111300;111230;111290;110870;110960;110690;110940
107830;107830;107830;107830;116740;116740;116680;116710;111280;111360;111270;111290;110930;110940;110880;110890
107820;107820;107820;107820;116700;116800;116700;116790;111290;111320;111210;111250;110890;110960;110870;110940
107870;107870;107870;107870;116790;116940;116780;116870;111250;111320;111230;111310;110950;110950;110910;110920
107880;107880;107880;107880;116870;116940;116860;116890;111290;111290;111230;111250;110930;110980;110920;110960
107930;107930;107930;107930;116890;116950;116860;116900;111240;111270;111090;111130;110970;111030;110950;111000
107930;108020;107930;107990;116900;116990;116890;116970;111130;111230;111120;111160;110990;111040;110990;111010
108000;108000;108000;108000;116970;116990;116870;116870;111170;111200;111120;111160;111000;111040;110980;111010
108000;108050;108000;108050;116870;116880;116780;116830;111160;111280;111150;111260;111010;111010;110970;110970
108050;108050;108050;108050;116840;116840;116770;116800;111260;111270;111230;111240;110980;110990;110960;110970
108050;108050;108050;108050;116800;116810;116780;116800;111240;111280;111210;111270;110980;111030;110970;110990
108050;108080;108050;108070;116800;116800;116750;116760;111280;111340;111270;111320;110990;110990;110950;110960
108080;108100;108070;108070;116760;116780;116690;116690;111320;111340;111270;111290;110970;110990;110950;110980
108070;108070;108070;108070;116690;116710;116620;116690;111270;111320;111240;111260;110990;111000;110930;110960
108070;108100;108070;108100;116680;116700;116590;116600;111270;111280;111240;111260;110940;110980;110860;110880
108090;108110;108080;108080;116590;116650;116570;116620;111270;111310;111140;111160;110870;110880;110750;110760
108070;108130;108070;108130;116630;116640;116560;116560;111170;111200;111100;111150;110760;110840;110750;110840
108120;108120;108120;108120;116560;116600;116550;116590;111160;111210;111110;111190;110820;110890;110800;110870
108120;108120;108120;108120;116580;116590;116560;116580;111190;111210;111110;111150;110880;110910;110840;110900
108140;108150;108140;108150;116580;116620;116560;116610;111160;111180;111030;111090;110900;110910;110840;110850
108120;108140;108110;108140;116600;116650;116510;116520;111100;111150;111050;111100;110840;110910;110810;110830
108120;108140;108120;108140;116520;116540;116470;116490;111090;111110;111060;111060;110810;110920;110810;110830
108140;108140;108120;108130;116480;116510;116450;116500;111070;111130;111070;111110;110830;110900;110830;110870
108140;108140;108140;108140;116510;116560;116500;116520;111120;111140;111050;111110;110880;110900;110870;110880
108140;108140;108140;108140;116510;116550;116500;116550;111100;111170;111060;111140;110900;110920;110810;110820
108140;108140;108140;108140;116550;116610;116520;116550;111130;111140;111090;111120;110820;110850;110820;110850
108130;108130;108130;108130;116540;116590;116530;116570;111130;111170;111110;111120;110850;110850;110810;110830
108070;108080;108070;108080;116570;116640;116570;116610;111130;111140;111060;111100;110820;110830;110760;110760
108160;108200;108160;108200;116610;116610;116560;116560;111110;111150;111080;111100;110780;110820;110780;110810
108170;108170;108170;108170;116570;116580;116550;116570;111100;111110;111050;111050;110810;110840;110790;110830
108170;108170;108170;108170;116570;116600;116550;116550;111060;111120;111050;111120;110820;110840;110800;110840
108140;108170;108140;108170;116570;116610;116570;116610;111120;111130;111060;111080;110830;110850;110820;110840
108150;108150;108150;108150;116610;116640;116570;116580;111080;111110;111060;111060;110830;110920;110830;110890
108140;108140;108130;108140;116600;116600;116530;116550;111070;111090;111030;111080;110890;110910;110860;110890
108140;108140;108080;108100;116550;116550;116520;116540;111080;111140;111080;111090;110880;110880;110840;110850
108090;108120;108090;108100;116530;116560;116520;116550;111100;111110;110970;110970;110840;110850;110770;110800
108100;108180;108100;108180;116550;116590;116540;116590;110970;110990;110930;110940;110800;110840;110800;110830
108130;108130;108130;108130;116570;116580;116540;116560;110940;110960;110920;110960;110820;110870;110800;110830
108110;108110;108090;108090;116550;116600;116550;116570;110960;111000;110950;110980;110830;110850;110820;110850
108100;108100;108100;108100;116580;116630;116570;116600;110990;111030;110980;111000;110850;110850;110790;110790
108090;108090;108090;108090;116590;116610;116570;116570;111000;111060;110970;111060;110790;110800;110770;110800
108110;108110;108110;108110;116580;116590;116570;116580;111060;111090;111040;111060;110790;110810;110670;110700
108090;108090;108090;108090;116580;116610;116560;116580;111050;111110;111050;111060;110690;110720;110520;110540
108090;108090;108090;108090;116570;116580;116570;116580;111060;111250;111050;111240;110540;110620;110460;110610
108090;108090;108090;108090;116570;116590;116560;116580;111250;111370;111230;111340;110610;110670;110590;110640
108100;108100;108100;108100;116580;116590;116530;116540;111330;111340;111200;111210;110640;110680;110600;110670
108130;108140;108130;108140;116550;116570;116540;116550;111210;111270;111180;111250;110670;110710;110660;110680
108160;108160;108160;108160;116560;116570;116540;116570;111240;111390;111240;111370;110690;110720;110660;110670
108200;108220;108200;108220;116580;116620;116560;116580;111380;111470;111370;111410;110660;110690;110650;110670
108230;108240;108230;108240;116570;116600;116570;116590;111410;111420;111350;111410;110660;110660;110600;110640
108220;108230;108220;108230;116570;116600;116570;116600;111410;111430;111260;111290;110640;110760;110640;110730
108250;108260;108220;108220;116590;116600;116540;116540;111300;111320;111260;111320;110730;110780;110730;110750
108250;108250;108250;108250;116550;116590;116550;116580;111330;111370;111320;111350;110740;110750;110700;110740
108250;108250;108250;108250;116580;116590;116560;116570;111360;111370;111280;111290;110740;110760;110660;110740
108250;108250;108250;108250;116570;116590;116570;116570;111300;111350;111290;111310;110730;110790;110730;110780
108260;108260;108250;108250;116570;116580;116560;116580;111310;111310;111250;111300;110780;110800;110750;110760
108260;108280;108260;108280;116590;116620;116580;116590;111310;111380;111310;111330;110760;110790;110760;110770
108210;108210;108210;108210;116590;116620;116590;116600;111330;111380;111330;111350;110780;110800;110760;110770
108210;108210;108180;108180;116590;116620;116590;116590;111370;111370;111290;111300;110770;110780;110750;110780
108230;108230;108230;108230;116590;116610;116580;116600;111310;111340;111300;111300;110790;110800;110750;110750
108240;108240;108240;108240;116610;116620;116610;116610;111300;111330;111270;111330;110750;110760;110670;110680
108230;108230;108230;108230;116610;116620;116610;116610;111330;111340;111290;111290;110680;110720;110650;110700
108260;108280;108260;108280;116620;116620;116600;116600;111290;111310;111250;111260;110690;110720;110660;110700
108280;108280;108280;108280;116600;116660;116600;116660;111270;111340;111260;111320;110700;110710;110670;110710
108250;108250;108250;108250;116650;116660;116610;116640;111320;111320;111240;111280;110720;110740;110710;110720
108250;108250;108250;108250;116640;116650;116580;116600;111280;111310;111280;111290;110710;110730;110700;110700
108300;108400;108300;108350;116600;116620;116600;116610;111310;111330;111290;111310;110690;110750;110690;110740
108330;108330;108300;108300;116600;116610;116600;116610;111300;111370;111270;111340;110750;110770;110750;110750
108290;108290;108290;108290;116600;116610;116590;116610;111350;111470;111350;111450;110760;110780;110730;110770
108260;108290;108260;108290;116610;116640;116610;116630;111460;111620;111460;111560;110780;110790;110760;110770
108260;108260;108260;108260;116630;116650;116610;116630;111570;111590;111510;111510;110770;110790;110750;110750
108280;108280;108280;108280;116640;116660;116630;116650;111520;111670;111520;111600;110760;110790;110750;110790
108350;108350;108350;108350;116650;116680;116640;116650;111610;111660;111610;111650;110790;110790;110760;110760
108340;108370;108330;108330;116650;116670;116650;116660;111650;111700;111640;111670;110780;110800;110760;110800
108330;108330;108290;108290;116670;116700;116670;116680;111670;111700;111630;111630;110800;110800;110750;110780
108300;108300;108300;108300;116670;116680;116660;116670;111640;111640;111590;111620;110780;110790;110750;110750
108340;108340;108340;108340;116690;116730;116680;116720;111600;111650;111580;111640;110750;110790;110750;110770
108320;108320;108320;108320;116720;116770;116710;116730;111640;111650;111610;111630;110760;110770;110750;110760
108320;108320;108320;108320;116740;116800;116730;116780;111640;111690;111640;111660;110770;110810;110760;110810
108320;108320;108300;108320;116800;116820;116780;116780;111660;111680;111600;111600;110810;110810;110760;110780
108310;108310;108310;108310;116780;116790;116720;116770;111600;111630;111580;111610;110770;110850;110760;110810
108290;108290;108290;108290;116760;116760;116720;116720;111600;111610;111530;111550;110810;110830;110790;110830
108230;108230;108210;108230;116730;116740;116720;116740;111550;111590;111530;111560;110840;110840;110810;110810
108260;108260;108260;108260;116750;116760;116750;116760;111550;111550;111500;111500;110810;110830;110790;110790
108280;108280;108280;108280;116770;116790;116760;116780;111500;111530;111480;111510;110790;110820;110790;110790
108240;108250;108240;108250;116790;116810;116760;116810;111510;111510;111430;111470;110790;110810;110790;110810
108240;108240;108230;108230;116810;116860;116800;116820;111470;111490;111360;111360;110800;110820;110790;110820
108210;108210;108210;108210;116810;116810;116780;116790;111370;111370;111250;111290;110820;110830;110810;110820
108200;108200;108200;108200;116790;116840;116790;116820;111290;111360;111290;111360;110820;110830;110810;110820
108180;108180;108180;108180;116820;116830;116790;116800;111360;111360;111300;111360;110810;110810;110770;110790
108190;108190;108190;108190;116800;116820;116680;116710;111360;111370;111300;111310;110780;110790;110750;110760
108170;108170;108170;108170;116700;116730;116680;116700;111320;111320;111180;111240;110760;110810;110750;110810
108190;108190;108190;108190;116700;116750;116700;116740;111230;111250;111150;111160;110800;110810;110800;110800
108180;108180;108180;108180;116750;116770;116730;116770;111170;111220;111150;111160;110790;110800;110780;110790
108150;108150;108150;108150;116770;116780;116740;116770;111170;111170;111040;111120;110780;110790;110740;110750
108140;108140;108100;108100;116780;116840;116780;116840;111110;111180;111070;111150;110750;110750;110690;110700
108070;108100;108050;108050;116830;116870;116830;116840;111160;111230;111120;111210;110700;110720;110680;110680
108120;108120;108120;108120;116850;116850;116800;116800;111210;111320;111200;111300;110680;110700;110680;110700
108130;108130;108130;108130;116800;116860;116800;116850;111310;111450;111290;111370;110680;110700;110670;110690
108140;108140;108140;108140;116840;116870;116820;116830;111370;111410;111350;111380;110680;110730;110670;110690
108140;108180;108140;108180;116830;116850;116820;116850;111390;111390;111280;111350;110710;110730;110700;110720
108180;108180;108180;108180;116860;116890;116850;116870;111350;111530;111320;111360;110710;110750;110700;110750
108190;108260;108190;108260;116870;116870;116840;116840;111360;111380;111270;111290;110730;110740;110710;110720
108200;108200;108190;108190;116850;116890;116820;116890;111300;111410;111290;111400;110720;110730;110710;110720
108220;108220;108220;108220;116890;116910;116860;116870;111400;111410;111300;111300;110720;110760;110720;110740
108260;108260;108260;108260;116870;116890;116830;116830;111310;111370;111310;111320;110740;110780;110730;110770
108280;108280;108280;108280;116840;116850;116780;116790;111310;111340;111270;111280;110780;110790;110750;110790
108220;108220;108220;108220;116790;116830;116780;116790;111280;111290;111210;111210;110790;110800;110740;110750
108230;108230;108230;108230;116790;116830;116790;116820;111230;111230;111180;111190;110750;110760;110730;110730
108230;108230;108230;108230;116810;116820;116720;116760;111200;111250;111130;111250;110720;110740;110700;110700
108200;108200;108180;108180;116760;116780;116710;116710;111240;111350;111200;111300;110710;110750;110680;110680
108230;108230;108230;108230;116720;116750;116670;116730;111330;111340;111280;111290;110700;110700;110650;110670
108300;108310;108300;108300;116730;116740;116700;116710;111280;111330;111280;111290;110680;110700;110670;110680
108300;108300;108280;108280;116730;116730;116690;116710;111290;111310;111280;111300;110700;110700;110670;110680
108300;108300;108300;108300;116720;116740;116720;116730;111300;111340;111280;111340;110680;110710;110670;110690
108330;108330;108330;108330;116730;116750;116700;116720;111320;111350;111260;111310;110680;110720;110670;110700
108330;108330;108290;108290;116710;116730;116700;116700;111320;111350;111310;111340;110700;110740;110690;110730
108340;108340;108340;108340;116700;116710;116690;116690;111350;111360;111270;111280;110740;110780;110740;110760
108340;108350;108310;108310;116690;116730;116680;116730;111270;111320;111270;111280;110750;110790;110740;110750
108370;108380;108310;108310;116740;116740;116710;116710;111280;111300;111280;111300;110760;110770;110760;110760
;;;;116710;116760;116700;116750;111300;111330;111180;111200;110750;110800;110740;110780
;;;;116740;116750;116720;116750;111190;111190;111060;111090;110780;110800;110750;110770
;;;;116740;116750;116720;116740;111070;111120;111020;111100;110770;110790;110750;110790
;;;;116740;116740;116720;116730;111110;111150;111100;111140;110780;110800;110760;110760
;;;;116740;116800;116730;116780;111150;111180;111130;111160;110760;110780;110740;110750
;;;;116790;116820;116750;116770;111160;111260;111160;111180;110770;110800;110750;110780
;;;;116770;116790;116760;116760;111180;111190;111100;111140;110790;110800;110760;110770
;;;;116770;116810;116760;116790;111140;111220;111120;111120;110770;110770;110710;110710
;;;;116820;116820;116770;116780;111130;111200;111120;111130;110720;110730;110690;110720
;;;;116790;116820;116780;116820;111110;111210;111100;111140;110730;110730;110710;110710
;;;;116810;116820;116790;116810;111140;111230;111100;111210;110720;110720;110640;110670
;;;;116810;116810;116760;116760;111200;111220;111170;111180;110680;110700;110660;110690
;;;;116770;116770;116760;116760;111170;111200;111120;111200;110680;110710;110660;110660
;;;;116750;116780;116750;116770;111190;111220;111140;111150;110650;110660;110620;110650
;;;;116780;116790;116780;116780;111140;111170;111070;111110;110650;110660;110630;110650
;;;;116770;116800;116770;116790;111110;111130;111050;111090;110630;110680;110630;110630
;;;;116800;116820;116770;116800;111080;111090;111060;111080;110650;110670;110650;110650
;;;;116800;116820;116770;116770;111070;111120;111050;111090;110650;110690;110650;110680
;;;;116770;116780;116760;116780;111090;111090;110950;111040;110680;110710;110670;110680
;;;;116770;116830;116760;116810;111040;111090;111020;111080;110660;110670;110640;110650
;;;;116800;116820;116790;116820;111080;111080;111030;111060;110630;110680;110630;110650
;;;;116830;116880;116810;116810;111060;111070;111000;111000;110650;110690;110650;110650
;;;;116800;116830;116790;116830;111010;111010;110960;110960;110640;110660;110630;110630
;;;;116820;116830;116780;116780;110970;111020;110960;111010;110650;110670;110640;110650
;;;;116790;116800;116770;116800;111010;111070;111010;111070;110640;110640;110560;110560
;;;;116800;116830;116790;116810;111050;111120;111020;111090;110560;110640;110550;110630
;;;;116820;116840;116810;116820;111100;111130;111070;111130;110620;110650;110620;110630
;;;;116820;116850;116810;116830;111130;111130;111090;111100;110640;110680;110640;110660
;;;;116830;116850;116830;116840;111090;111120;111080;111080;110670;110700;110660;110680
;;;;116830;116850;116820;116820;111080;111150;111080;111150;110690;110700;110670;110680
;;;;116820;116830;116810;116830;111150;111170;111060;111070;110690;110720;110690;110720
;;;;116820;116850;116820;116830;111080;111090;110990;111020;110720;110740;110690;110730
;;;;116840;116840;116820;116820;111030;111030;111000;111020;110730;110740;110720;110730
;;;;116840;116860;116840;116850;111020;111040;110990;111000;110750;110750;110730;110740
;;;;116850;116860;116830;116830;111000;111000;110830;110880;110750;110770;110750;110760
;;;;116830;116840;116820;116830;110880;110930;110860;110860;110770;110780;110750;110770
;;;;116830;116850;116820;116830;110850;110910;110830;110880;110780;110790;110740;110770
;;;;116830;116850;116810;116810;110880;110920;110880;110920;110760;110760;110720;110730
;;;;116810;116830;116810;116830;110920;110940;110880;110900;110720;110730;110690;110700
;;;;116820;116830;116800;116800;110900;110950;110900;110940;110710;110720;110700;110720
;;;;116810;116810;116790;116800;110930;110950;110880;110950;110730;110740;110710;110740
;;;;116800;116820;116790;116810;110950;111000;110920;111000;110730;110760;110730;110760
;;;;116830;116830;116810;116820;111000;111000;110960;110990;110750;110760;110720;110730
;;;;116820;116830;116810;116830;111000;111040;110970;111020;110750;110750;110720;110720
;;;;116820;116830;116800;116810;111030;111050;111000;111010;110750;110760;110740;110760
;;;;116820;116850;116810;116840;111010;111160;111010;111140;110750;110760;110740;110750
;;;;116840;116850;116790;116790;111140;111220;111140;111170;110740;110750;110710;110720
;;;;116800;116820;116800;116810;111170;111190;111140;111180;110710;110750;110710;110750
;;;;116800;116810;116760;116800;111180;111210;111130;111150;110750;110750;110730;110740
;;;;116790;116800;116780;116790;111130;111190;111110;111160;110740;110760;110730;110750
;;;;116780;116790;116760;116770;111150;111160;111070;111080;110740;110760;110740;110750
;;;;116770;116780;116750;116760;111070;111080;110990;111010;110750;110770;110750;110750
;;;;116750;116780;116750;116770;111020;111020;110880;110920;110770;110780;110750;110760
;;;;116770;116770;116710;116720;110910;110920;110860;110900;110760;110770;110740;110750
;;;;116720;116730;116710;116730;110890;110890;110730;110760;110750;110780;110750;110780
;;;;116730;116760;116710;116750;110760;110780;110650;110680;110780;110800;110770;110790
;;;;116740;116760;116730;116740;110680;110790;110650;110780;110800;110840;110780;110780
;;;;116740;116740;116700;116720;110770;110830;110770;110790;110770;110790;110760;110760
;;;;116730;116740;116710;116730;110800;110810;110760;110780;110770;110780;110740;110760
;;;;116730;116730;116710;116720;110770;110830;110760;110810;110750;110780;110750;110760
;;;;116710;116730;116700;116730;110810;110850;110800;110850;110750;110750;110720;110730
;;;;116730;116760;116730;116750;110850;110950;110830;110930;110710;110720;110680;110680
;;;;116750;116770;116750;116750;110920;111040;110920;111010;110700;110700;110660;110680
;;;;116760;116780;116760;116760;110990;111000;110960;110970;110680;110690;110660;110670
;;;;116770;116810;116770;116790;110990;111140;110950;111100;110680;110720;110680;110720
;;;;116780;116780;116740;116740;111100;111300;111090;111250;110710;110740;110710;110730
;;;;116740;116750;116730;116730;111250;111250;111160;111230;110720;110750;110710;110710
;;;;116730;116740;116730;116730;111210;111240;111150;111240;110700;110720;110670;110680
;;;;116720;116730;116720;116730;111250;111300;111180;111220;110670;110700;110670;110690
;;;;116730;116800;116730;116800;111220;111240;111150;111170;110680;110690;110680;110690
;;;;116790;116790;116750;116770;111170;111190;111130;111150;110690;110700;110680;110700
;;;;116760;116780;116750;116760;111140;111240;111140;111230;110710;110730;110710;110730
;;;;116760;116770;116760;116760;111240;111250;111170;111200;110730;110740;110700;110740
;;;;116750;116770;116740;116740;111200;111210;111110;111120;110740;110760;110740;110760
;;;;116740;116750;116730;116740;111130;111170;111100;111120;110750;110780;110750;110750
;;;;116740;116750;116720;116740;111110;111110;111030;111030;110750;110760;110730;110750
;;;;116740;116790;116740;116770;111020;111040;110860;110910;110760;110760;110680;110700
;;;;116770;116770;116740;116750;110910;111050;110890;111040;110700;110710;110610;110640
;;;;116750;116770;116740;116740;111050;111050;110970;110970;110640;110720;110610;110700
;;;;116740;116770;116740;116750;110960;110970;110940;110940;110700;110750;110680;110720
;;;;116750;116780;116740;116770;110940;110950;110890;110940;110700;110750;110700;110700
;;;;116760;116780;116750;116780;110940;111090;110940;111060;110710;110710;110650;110680
;;;;116790;116800;116790;116790;111070;111100;111040;111090;110650;110700;110640;110660
;;;;116800;116820;116790;116810;111080;111100;111000;111020;110640;110690;110640;110660
;;;;116810;116820;116800;116810;111030;111070;111020;111040;110650;110670;110600;110630
;;;;116800;116820;116790;116800;111040;111060;110970;111000;110620;110670;110620;110640
;;;;116800;116840;116800;116830;111020;111130;110990;111110;110650;110670;110620;110630
;;;;116840;116840;116800;116800;111120;111220;111110;111190;110630;110640;110600;110600
;;;;116810;116820;116800;116810;111180;111250;111180;111180;110600;110610;110580;110600
;;;;116820;116840;116820;116830;111190;111200;111120;111130;110600;110610;110560;110570
;;;;116830;116860;116820;116850;111140;111220;111090;111110;110570;110620;110560;110620
;;;;116840;116860;116820;116830;111130;111140;111030;111070;110620;110670;110600;110600
;;;;116820;116840;116820;116820;111070;111140;111040;111090;110610;110610;110540;110550
;;;;116820;116840;116820;116830;111090;111130;111070;111070;110540;110590;110530;110580
;;;;116820;116890;116820;116880;111080;111110;111040;111080;110580;110610;110570;110600
;;;;116880;116910;116870;116900;111090;111110;111050;111090;110590;110650;110590;110630
;;;;116880;116930;116880;116920;111090;111160;111080;111160;110640;110650;110620;110630
;;;;116920;116920;116880;116880;111160;111170;111080;111110;110620;110630;110530;110550
;;;;116890;116940;116880;116910;111090;111170;111090;111170;110550;110610;110540;110610
;;;;116920;116940;116920;116920;111180;111200;111150;111160;110600;110600;110560;110580
;;;;116930;116940;116910;116910;111170;111260;111130;111250;110590;110640;110590;110630
;;;;116920;116920;116900;116910;111240;111250;111180;111250;110640;110660;110590;110590
;;;;116900;116900;116860;116870;111240;111340;111220;111330;110600;110630;110600;110630
;;;;116880;116890;116870;116890;111320;111340;111260;111290;110640;110650;110580;110580
;;;;116880;116890;116830;116890;111300;111420;111290;111410;110590;110610;110590;110610
;;;;116880;116900;116840;116840;111390;111460;111380;111420;110600;110600;110550;110600
;;;;116840;116840;116810;116820;111420;111560;111370;111530;110600;110660;110600;110650
;;;;116810;116850;116810;116850;111540;111640;111530;111580;110650;110670;110630;110660
;;;;116840;116860;116830;116840;111590;111700;111520;111630;110660;110680;110630;110640
;;;;116830;116860;116820;116860;111620;111670;111590;111640;110640;110670;110620;110650
;;;;116860;116910;116860;116890;111650;111650;111520;111540;110640;110730;110640;110680
;;;;116900;116900;116870;116890;111530;111630;111530;111590;110680;110710;110670;110700
;;;;116900;117000;116900;116950;111610;111640;111580;111630;110710;110750;110710;110710
;;;;116950;116960;116880;116940;111630;111640;111580;111620;110720;110760;110720;110760
;;;;116930;116940;116870;116870;111600;111640;111600;111640;110740;110750;110710;110730
;;;;116890;116890;116780;116790;111640;111700;111620;111680;110730;110740;110710;110740
;;;;116790;116830;116780;116790;111670;111740;111630;111630;110750;110760;110730;110760
;;;;116780;116860;116780;116850;111630;111720;111600;111680;110750;110760;110710;110710
;;;;116840;116850;116830;116840;111690;111730;111670;111720;110720;110730;110700;110710
;;;;116830;116850;116830;116830;111710;111860;111700;111800;110690;110720;110690;110710
;;;;116830;116840;116820;116840;111810;111830;111770;111790;110720;110770;110720;110750
;;;;116830;116860;116830;116860;111790;111810;111750;111750;110760;110820;110750;110800
;;;;116860;116860;116840;116840;111760;111760;111680;111690;110790;110800;110750;110750
;;;;116840;116870;116840;116870;111700;111780;111700;111770;110760;110790;110760;110770
;;;;116860;116880;116860;116880;111760;111820;111760;111820;110770;110770;110720;110730
;;;;116870;116880;116860;116880;111820;111840;111740;111760;110730;110770;110720;110730
;;;;116880;116890;116880;116890;111770;111800;111710;111710;110740;110740;110700;110720
;;;;116870;116900;116870;116900;111740;111800;111720;111800;110710;110740;110710;110740
;;;;116900;116900;116870;116870;111800;111850;111780;111830;110720;110730;110710;110720
;;;;116870;116870;116840;116860;111840;111920;111820;111860;110710;110730;110680;110730
;;;;116860;116910;116860;116910;111870;111870;111770;111780;110740;110740;110670;110690
;;;;116920;116930;116910;116910;111780;111800;111730;111730;110690;110720;110690;110690
;;;;116910;116910;116880;116900;111730;111790;111720;111770;110680;110730;110680;110720
;;;;116900;116910;116900;116910;111760;111840;111760;111770;110720;110720;110700;110710
;;;;116910;116920;116890;116910;111790;111860;111780;111830;110700;110700;110690;110690
;;;;116910;116990;116900;116970;111840;111880;111820;111880;110680;110730;110670;110710
;;;;116960;117180;116960;117150;111890;111890;111840;111850;110720;110740;110710;110710
;;;;117140;117190;117090;117090;111850;111870;111830;111860;110700;110710;110690;110690
;;;;117100;117180;117100;117170;111860;111890;111780;111780;110680;110710;110680;110700
;;;;117180;117290;117170;117250;111780;111830;111760;111800;110700;110730;110680;110710
;;;;117250;117290;117240;117250;111800;111820;111780;111800;110720;110830;110720;110790
;;;;117250;117340;117250;117320;111820;111820;111790;111810;110780;110800;110750;110750
;;;;117310;117380;117290;117370;111800;111800;111730;111750;110760;110820;110760;110770
;;;;117380;117380;117250;117260;111740;111810;111730;111800;110770;110780;110740;110760
;;;;117260;117280;117210;117250;111790;111790;111720;111740;110750;110760;110730;110730
;;;;117260;117300;117200;117270;111730;111760;111720;111730;110730;110790;110730;110770
;;;;117270;117280;117260;117270;111720;111760;111720;111760;110770;110790;110740;110750
;;;;117260;117290;117260;117270;111770;111790;111740;111750;110760;110770;110760;110760
;;;;117270;117310;117270;117310;111760;111790;111750;111770;110770;110810;110770;110810
;;;;117320;117500;117310;117410;111760;111810;111760;111780;110790;110870;110790;110870
;;;;117390;117410;117360;117370;111790;111800;111750;111760;110860;110880;110830;110850
;;;;117370;117390;117360;117370;111740;111780;111740;111770;110860;110860;110830;110830
;;;;117370;117390;117310;117340;111770;111800;111770;111800;110850;110860;110810;110830
;;;;117320;117340;117310;117340;111790;111800;111780;111790;110810;110830;110780;110780
;;;;117330;117340;117310;117320;111790;111810;111790;111800;110780;110780;110730;110730
;;;;117310;117320;117280;117280;111790;111840;111790;111820;110740;110750;110710;110720
;;;;117280;117310;117270;117280;111830;111850;111820;111850;110710;110710;110660;110690
;;;;117280;117350;117260;117320;111840;111850;111780;111790;110680;110700;110650;110680
;;;;117320;117340;117290;117300;111790;111810;111750;111750;110670;110710;110650;110700
;;;;117300;117300;117270;117290;111760;111860;111740;111820;110680;110720;110610;110630